Stn,year,month,day,time(GMT),Rrs_349.3,Rrs_352.6,Rrs_356,Rrs_359.3,Rrs_362.6,Rrs_366,Rrs_369.3,Rrs_372.6,Rrs_376,Rrs_379.3,Rrs_382.6,Rrs_386,Rrs_389.3,Rrs_392.6,Rrs_396,Rrs_399.3,Rrs_402.7,Rrs_406,Rrs_409.4,Rrs_412.7,Rrs_416,Rrs_419.4,Rrs_422.7,Rrs_426.1,Rrs_429.4,Rrs_432.7,Rrs_436.1,Rrs_439.4,Rrs_442.8,Rrs_446.1,Rrs_449.5,Rrs_452.8,Rrs_456.1,Rrs_459.5,Rrs_462.8,Rrs_466.2,Rrs_469.5,Rrs_472.9,Rrs_476.2,Rrs_479.6,Rrs_482.9,Rrs_486.3,Rrs_489.6,Rrs_493,Rrs_496.3,Rrs_499.6,Rrs_503,Rrs_506.4,Rrs_509.7,Rrs_513,Rrs_516.4,Rrs_519.7,Rrs_523.1,Rrs_526.4,Rrs_529.8,Rrs_533.1,Rrs_536.5,Rrs_539.8,Rrs_543.2,Rrs_546.5,Rrs_549.9,Rrs_553.2,Rrs_556.6,Rrs_559.9,Rrs_563.3,Rrs_566.6,Rrs_570,Rrs_573.3,Rrs_576.7,Rrs_580,Rrs_583.4,Rrs_586.7,Rrs_590.1,Rrs_593.4,Rrs_596.8,Rrs_600.1,Rrs_603.5,Rrs_606.8,Rrs_610.1,Rrs_613.5,Rrs_616.8,Rrs_620.2,Rrs_623.5,Rrs_626.9,Rrs_630.2,Rrs_633.6,Rrs_636.9,Rrs_640.3,Rrs_643.6,Rrs_646.9,Rrs_650.3,Rrs_653.6,Rrs_657,Rrs_660.3,Rrs_663.7,Rrs_667,Rrs_670.3,Rrs_673.7,Rrs_677,Rrs_680.4,Rrs_683.7,Rrs_687,Rrs_690.4,Rrs_693.7,Rrs_697.1,Rrs_700.4,Rrs_703.7,Rrs_707.1,Rrs_710.4,Rrs_713.7,Rrs_717.1,Rrs_720.4,Rrs_723.7,Rrs_727.1,Rrs_730.4,Rrs_733.7,Rrs_737.1,Rrs_740.4,Rrs_743.7,Rrs_747.1,Rrs_750.4,Rrs_753.7,Rrs_757,Rrs_760.4,Rrs_763.7,Rrs_767,Rrs_770.4,Rrs_773.7,Rrs_777,Rrs_780.3,Rrs_783.6,Rrs_787,Rrs_790.3,Rrs_793.6,Rrs_796.9,Rrs_800.2,Rrs_803.5
HOCRSt04p1,2022,3,30,2:07:43,0.003829299,0.003979408,0.00409549,0.004063173,0.004370715,0.004451624,0.004460288,0.004604495,0.004669225,0.004775223,0.004970794,0.004963496,0.005160414,0.00516766,0.005161857,0.005220539,0.005249432,0.005228924,0.005192784,0.005220652,0.00519657,0.005192318,0.005225177,0.005142502,0.005060786,0.005019996,0.004952798,0.0048833,0.004811079,0.004729477,0.00467778,0.004634413,0.004625495,0.004667825,0.00467477,0.004689275,0.004669561,0.0046365,0.004604097,0.004564456,0.004473919,0.00437698,0.004233622,0.004109097,0.00393355,0.003698354,0.00346754,0.003202105,0.002935457,0.002660619,0.002481758,0.002433622,0.00237531,0.002313754,0.002263688,0.002200209,0.002114905,0.002024859,0.001935188,0.001829085,0.001734825,0.001654995,0.001596715,0.001526925,0.001476723,0.001386791,0.001324408,0.001247168,0.001089942,0.000980428,0.000854091,0.000739486,0.00060285,0.000466692,0.000380943,0.000245756,0.000227731,0.000192773,0.000170187,0.000198533,0.000163887,0.000246393,0.000166896,0.00028906,0.000193864,0.000136158,0.000108904,0.000110275,9.72E-05,0.000160673,8.69E-05,3.94E-05,0.000133169,3.00E-05,4.40E-05,7.16E-05,3.81E-05,5.25E-05,0.000146497,9.27E-05,5.06E-05,3.34E-05,0.000102519,NaN,NaN,NaN,NaN,NaN,NaN,NaN,NaN,NaN,NaN,NaN,NaN,NaN,NaN,NaN,NaN,NaN,NaN,NaN,NaN,NaN,NaN,NaN,NaN,NaN,NaN,NaN,NaN,NaN,NaN,NaN,NaN,NaN,NaN
HOCRSt04p2,2022,3,30,2:26:26,0.004102744,0.004072636,0.004409659,0.004539208,0.004532946,0.004701686,0.004942619,0.004984626,0.005193478,0.005274654,0.005417207,0.005448356,0.005576594,0.005662475,0.00561023,0.005679798,0.005748211,0.00575066,0.005777425,0.005750314,0.005741529,0.005709277,0.005720312,0.0056644,0.005597491,0.005543413,0.005494765,0.00545798,0.005360255,0.005325117,0.005230274,0.005200557,0.005201611,0.005245096,0.005261468,0.005257908,0.005266858,0.005223757,0.005175133,0.005148656,0.005063316,0.004951743,0.004805796,0.004679309,0.004480569,0.00425295,0.003975304,0.003696057,0.003370853,0.003108093,0.002912675,0.002813539,0.002793005,0.002745639,0.002660937,0.002588753,0.002502732,0.002409825,0.002305457,0.002208399,0.002089877,0.002003712,0.001952102,0.001883002,0.001817376,0.001767903,0.001691078,0.001507429,0.001444208,0.001291789,0.001167316,0.00103551,0.000909425,0.000722129,0.000664932,0.000605471,0.000422603,0.000392578,0.000402371,0.000283752,0.000435397,0.000379995,0.000265952,0.000264689,0.000336281,0.000208391,0.000166812,0.000161005,0.000194792,0.000193223,8.62E-05,0.000306348,0.000104567,6.89E-05,0.000110174,9.60E-05,0.000118546,0.000147398,0.000161786,0.000125537,0.000138739,0.00011605,0.000150145,NaN,NaN,NaN,NaN,NaN,NaN,NaN,NaN,NaN,NaN,NaN,NaN,NaN,NaN,NaN,NaN,NaN,NaN,NaN,NaN,NaN,NaN,NaN,NaN,NaN,NaN,NaN,NaN,NaN,NaN,NaN,NaN,NaN,NaN
HOCRSt04p3,2022,3,30,2:46:28,0.003720785,0.003831843,0.003940435,0.004067608,0.004239307,0.004408073,0.004570404,0.004688529,0.004886536,0.005071158,0.005190543,0.005291419,0.005426225,0.005545927,0.00557858,0.005579668,0.005735109,0.005751349,0.005754443,0.005793524,0.00583027,0.005843164,0.005887196,0.005863926,0.005797159,0.005777358,0.005733941,0.005726036,0.005643768,0.005616057,0.005575642,0.005555772,0.005555082,0.005621067,0.005664316,0.005706434,0.005720504,0.005703851,0.005673065,0.005673885,0.005576364,0.005479328,0.00534216,0.005220246,0.005011283,0.004789539,0.004516138,0.004214715,0.00390541,0.003617207,0.00341019,0.0033058,0.003318155,0.00324742,0.003177875,0.003102701,0.003013169,0.002914065,0.00280278,0.002672577,0.002565331,0.002463997,0.002409551,0.002337011,0.002263649,0.002211164,0.002109,0.001941237,0.001853505,0.001680861,0.001508717,0.001362693,0.001165922,0.000953095,0.000820087,0.000630701,0.000453501,0.000432632,0.000400555,0.000370112,0.000570964,0.000457379,0.000342463,0.000313954,0.00030728,0.000288324,0.000272473,0.000228709,0.000277887,0.000238248,0.000251217,0.000209743,0.000144546,0.000161251,0.000198104,9.21E-05,0.000172531,0.000245171,0.000183381,0.000150455,0.000223797,0.000175141,0.000155767,7.57E-05,NaN,NaN,NaN,NaN,NaN,NaN,NaN,NaN,NaN,NaN,NaN,NaN,NaN,NaN,NaN,NaN,NaN,NaN,NaN,NaN,NaN,NaN,NaN,NaN,NaN,NaN,NaN,NaN,NaN,NaN,NaN,NaN,NaN
HOCRSt05p1,2022,3,29,21:09:31,0.007156041,0.007449404,0.008472724,0.008275992,0.008143332,0.008590621,0.008787707,0.008736037,0.009050536,0.009359123,0.009077483,0.009137962,0.009426452,0.009431997,0.009371985,0.00940996,0.009317248,0.009250689,0.009049674,0.008987338,0.008803723,0.008663196,0.008598854,0.008317161,0.008151485,0.007915646,0.007699293,0.007445221,0.007216639,0.007042667,0.006789459,0.006663001,0.006660546,0.006643176,0.006645355,0.00661941,0.006551903,0.006434983,0.006286027,0.006192314,0.005980592,0.005790877,0.005541512,0.005312287,0.004940948,0.004583949,0.004212832,0.003829309,0.003427218,0.003063506,0.002763559,0.002664464,0.002560197,0.002510233,0.002365756,0.002324186,0.002207037,0.002109054,0.001987023,0.001851052,0.001749671,0.001678587,0.001608764,0.001536887,0.001443035,0.001419909,0.001295629,0.001095271,0.001037811,0.00086653,0.000788159,0.000533339,0.000384762,0.00033259,0.000273678,0.000436117,0.000388723,0.000127205,0.000169256,0.000208183,0.000118687,0.000217911,0.000640567,0.000141182,NaN,0.000573983,NaN,7.85E-05,NaN,NaN,8.00E-05,7.98E-05,NaN,NaN,NaN,NaN,NaN,NaN,NaN,NaN,0.000154781,NaN,NaN,NaN,NaN,NaN,NaN,NaN,NaN,NaN,NaN,NaN,NaN,NaN,NaN,NaN,NaN,NaN,NaN,NaN,NaN,NaN,NaN,NaN,NaN,NaN,NaN,NaN,NaN,NaN,NaN,NaN,NaN,NaN,NaN,NaN,NaN
HOCRSt05p2,2022,3,29,21:31:28,0.009012446,0.009162995,0.009585946,0.009419518,0.009349137,0.010004635,0.009990412,0.010239792,0.010017969,0.01021561,0.010364146,0.010427547,0.010548501,0.010410266,0.010289125,0.010202011,0.01006117,0.009986775,0.009792033,0.00961015,0.009400513,0.00921166,0.008971253,0.008696524,0.008454639,0.008192624,0.007915065,0.007634324,0.007337059,0.007083719,0.006846868,0.006668165,0.006607109,0.006593266,0.006568465,0.006500331,0.006423378,0.006298294,0.00615018,0.006026769,0.005855789,0.005614065,0.005340785,0.005091964,0.004759985,0.004380794,0.00400587,0.003568337,0.003173468,0.002838544,0.002569662,0.00248491,0.002412495,0.002354258,0.002227294,0.00219247,0.002042877,0.001955322,0.001828738,0.001732355,0.001647318,0.001540118,0.001449719,0.001395492,0.001311112,0.001185373,0.001134716,0.001027389,0.000896508,0.000784294,0.000663479,0.00057272,0.000434178,0.000434748,0.000245405,0.000229768,0.000332504,0.000228461,8.36E-05,8.78E-05,5.43E-05,3.61E-05,NaN,3.04E-05,7.27E-05,0.000223148,NaN,NaN,NaN,NaN,NaN,NaN,NaN,NaN,NaN,NaN,NaN,NaN,NaN,NaN,NaN,NaN,NaN,NaN,NaN,NaN,NaN,NaN,NaN,NaN,NaN,NaN,NaN,NaN,NaN,NaN,NaN,NaN,NaN,NaN,NaN,NaN,NaN,NaN,NaN,NaN,NaN,NaN,NaN,NaN,NaN,NaN,NaN,NaN,NaN,NaN,NaN
HOCRSt06p1,2022,3,28,21:28:01,0.008998825,0.009333255,0.009603147,0.009715837,0.009835381,0.01007147,0.010332265,0.01036362,0.010528916,0.010613381,0.010679036,0.010595545,0.010716531,0.010677324,0.010436819,0.010284409,0.01022898,0.010047251,0.009827786,0.009683811,0.009541013,0.009323619,0.009160666,0.008907863,0.00865593,0.008396458,0.008141063,0.007874203,0.007554165,0.007286729,0.006975278,0.006779934,0.006678171,0.006653284,0.006646703,0.006593137,0.006479485,0.00632642,0.006183805,0.00604049,0.005826116,0.005601815,0.005336509,0.005072664,0.004719696,0.004346396,0.003949795,0.003545509,0.003119801,0.002769337,0.002553687,0.002428133,0.002364812,0.002287122,0.002210667,0.002111657,0.002009959,0.00191359,0.001803756,0.001693607,0.001610628,0.001506386,0.001438096,0.001382819,0.001325745,0.001251392,0.001161089,0.001084019,0.000981357,0.000885714,0.000800852,0.000708433,0.000585468,0.000499015,0.000401358,0.000357686,0.000320899,0.000288773,0.000247927,0.000248402,0.0002081,0.000192956,0.00019213,8.46E-05,0.000136025,9.22E-05,0.000162562,NaN,NaN,NaN,NaN,NaN,7.51E-05,NaN,NaN,0.000259812,0.000118687,0.000187585,0.000230901,NaN,NaN,NaN,NaN,NaN,NaN,NaN,NaN,NaN,NaN,NaN,NaN,NaN,NaN,NaN,NaN,NaN,NaN,NaN,NaN,NaN,NaN,NaN,NaN,NaN,NaN,NaN,NaN,NaN,NaN,NaN,NaN,NaN,NaN,NaN,NaN,NaN,NaN
HOCRSt06p2,2022,3,28,21:42:28,0.010698409,0.010943003,0.011172626,0.011138272,0.011285388,0.011421751,0.011637063,0.011705149,0.011669768,0.01191652,0.011755044,0.011554207,0.011726812,0.011734916,0.011343988,0.011215896,0.011045995,0.010879438,0.01067749,0.010435666,0.010248382,0.0099944,0.009810729,0.009457943,0.009185895,0.008859394,0.008612307,0.008304196,0.00794426,0.007588579,0.007252654,0.007036471,0.00690712,0.006860858,0.006815115,0.006778538,0.00667142,0.006500222,0.006311932,0.00613008,0.005938206,0.005684659,0.005388812,0.005116307,0.004733762,0.004307307,0.003925225,0.003474665,0.003012152,0.002697681,0.002424791,0.00228799,0.002245931,0.002133108,0.002038202,0.001960166,0.001879147,0.00175871,0.001651589,0.001540636,0.001432846,0.001361202,0.001252838,0.00125696,0.001145055,0.001080766,0.000977331,0.000924939,0.000806014,0.000750033,0.000676249,0.00047964,0.000471481,0.000356756,0.000249122,0.000166191,0.000139728,0.000105902,9.29E-05,0.00010684,8.02E-05,6.07E-05,8.22E-05,NaN,4.90E-05,3.46E-05,5.04E-05,2.25E-05,0.000111216,NaN,NaN,NaN,NaN,4.85E-05,9.01E-06,NaN,NaN,NaN,8.08E-05,NaN,NaN,NaN,NaN,NaN,NaN,NaN,NaN,NaN,NaN,NaN,NaN,NaN,NaN,NaN,NaN,NaN,NaN,NaN,NaN,NaN,NaN,NaN,NaN,NaN,NaN,NaN,NaN,NaN,NaN,NaN,NaN,NaN,NaN,NaN,NaN,NaN,NaN
HOCRSt8bp1,2022,3,29,3:32:30,0.00482021,0.004927504,0.005084997,0.005256719,0.005424456,0.005609614,0.005862108,0.006002329,0.006190004,0.006389908,0.006495382,0.006503526,0.006740163,0.00685764,0.006650798,0.00671184,0.006740415,0.006695554,0.006655522,0.006651914,0.006589808,0.006540619,0.006530205,0.006414656,0.006296044,0.006193364,0.006084001,0.005955759,0.005810679,0.005677491,0.005541682,0.005444603,0.005414713,0.00545185,0.005462881,0.005458651,0.005413341,0.005341102,0.005273125,0.005203081,0.00507028,0.004926026,0.004737724,0.004549809,0.004295393,0.004013125,0.003707251,0.00339465,0.003057046,0.002755033,0.002559458,0.002473583,0.002418207,0.002355024,0.002272479,0.002183193,0.002105543,0.002014133,0.001901186,0.001821293,0.001709702,0.001633711,0.001558273,0.001489478,0.001461932,0.001367234,0.0012914,0.001189338,0.001078965,0.000966083,0.000873981,0.000745955,0.000693152,0.000551082,0.000528734,0.000370956,0.000328528,0.000341244,0.000248349,0.000264625,0.000163903,0.000178374,0.000141985,0.00018084,1.00E-04,0.000204368,0.000187834,0.000114363,0.000103714,0.000113708,0.000168253,0.00012229,0.000193247,5.83E-05,8.09E-05,0.000128841,6.44E-05,0.000112029,0.000110884,0.000163248,0.00013928,0.000208795,6.71E-05,7.45E-05,5.08E-05,NaN,NaN,NaN,NaN,NaN,NaN,NaN,NaN,NaN,NaN,NaN,NaN,NaN,NaN,NaN,NaN,NaN,NaN,NaN,NaN,NaN,NaN,NaN,NaN,NaN,NaN,NaN,NaN,NaN,NaN,NaN,NaN
HOCRSt8bp2,2022,3,29,3:45:56,0.005414969,0.005651508,0.005770065,0.00585225,0.006049595,0.006207017,0.006370493,0.006591885,0.006808029,0.006934252,0.007150972,0.007208752,0.007278446,0.007375345,0.007275569,0.00728046,0.007355042,0.007319506,0.007214003,0.007188823,0.007125135,0.007055783,0.007004856,0.006860232,0.006739219,0.006588942,0.006443086,0.006327955,0.006157774,0.006004165,0.005850789,0.005762928,0.005695478,0.00573677,0.005734564,0.005713264,0.005684843,0.005595814,0.005493699,0.005427561,0.005293539,0.005128,0.004951116,0.004740378,0.004476756,0.004160519,0.003863889,0.00351455,0.003159194,0.002842422,0.002650791,0.002562107,0.002507563,0.002433894,0.002370683,0.002284623,0.002183448,0.002118939,0.001993921,0.001892291,0.001787502,0.001677939,0.001647354,0.001559831,0.001470143,0.001416573,0.00132754,0.001245531,0.001143342,0.001041467,0.000935852,0.000858257,0.000702277,0.000609596,0.00053572,0.000392255,0.000339752,0.000277191,0.000278546,0.00030058,0.000260329,0.000230327,0.000335711,0.000353812,0.000342202,0.00029732,0.000316049,0.000263262,0.000211706,0.000200813,0.000171257,0.000112949,0.000197309,0.000195603,0.000112044,0.000134698,0.000182179,0.000111849,0.000159556,0.00019858,0.000192373,0.000208692,0.000141897,0.00015371,0.00018593,NaN,NaN,NaN,NaN,NaN,NaN,NaN,NaN,NaN,NaN,NaN,NaN,NaN,NaN,NaN,NaN,NaN,NaN,NaN,NaN,NaN,NaN,NaN,NaN,NaN,NaN,NaN,NaN,NaN,NaN,NaN,NaN
HOCRSt08p1,2022,3,29,0:51:20,0.006839673,0.007136651,0.007553544,0.007550617,0.007624261,0.007895827,0.008015882,0.008204212,0.008223375,0.008320162,0.008480916,0.008463712,0.008493172,0.008523721,0.008337381,0.00828778,0.008233999,0.008111986,0.007932048,0.007791327,0.007681283,0.007502658,0.007357168,0.00714154,0.006899089,0.006690466,0.006474021,0.006252322,0.006014161,0.005781579,0.005587577,0.005424281,0.005332552,0.005348318,0.005335649,0.005277085,0.005198206,0.00508247,0.004948301,0.004843064,0.00468423,0.004506583,0.00430108,0.004092443,0.003806888,0.003501574,0.003207717,0.002881868,0.002551253,0.002272877,0.002092275,0.002000955,0.001946678,0.00188351,0.001810251,0.001742202,0.001670323,0.001578074,0.001493593,0.001404423,0.001308723,0.001221874,0.0011966,0.001114587,0.001073604,0.00101372,0.000953052,0.000892723,0.00078141,0.000706921,0.000604803,0.000516094,0.000408912,0.000323219,0.000275338,0.000199533,0.000145452,9.75E-05,8.56E-05,0.000123328,8.29E-05,9.50E-05,0.000128444,7.41E-05,7.76E-05,9.12E-05,8.05E-05,0.000109608,5.53E-05,5.12E-05,0.000218881,3.91E-05,NaN,5.02E-05,2.01E-05,NaN,5.73E-05,3.71E-05,5.14E-05,8.98E-05,5.50E-05,NaN,NaN,NaN,NaN,NaN,NaN,NaN,NaN,NaN,NaN,NaN,NaN,NaN,NaN,NaN,NaN,NaN,NaN,NaN,NaN,NaN,NaN,NaN,NaN,NaN,NaN,NaN,NaN,NaN,NaN,NaN,NaN,NaN,NaN,NaN,NaN
HOCRSt08p2,2022,3,29,1:07:09,0.006781879,0.007054527,0.007404974,0.007607812,0.007758959,0.008042605,0.008246038,0.008445909,0.00861893,0.008850628,0.009004552,0.009086883,0.009239195,0.009271528,0.009184354,0.00917963,0.009150408,0.009060685,0.008973741,0.008883085,0.008777789,0.008650917,0.008553047,0.008360134,0.008135318,0.007950785,0.007740596,0.007509987,0.007261549,0.007008043,0.006759691,0.006599306,0.006539729,0.006533679,0.006547093,0.006514634,0.006429902,0.006307579,0.006165339,0.006044447,0.005856882,0.005651279,0.00538463,0.005127613,0.004783991,0.004398277,0.004001525,0.003596527,0.003182012,0.002823105,0.002598363,0.002485787,0.002423643,0.002343396,0.002259719,0.002169214,0.002068247,0.00197494,0.001861822,0.001747024,0.00165124,0.001551986,0.001479292,0.001405365,0.001352545,0.001283628,0.001209678,0.001111728,0.00100504,0.00090737,0.000785285,0.00068318,0.000551163,0.000476404,0.000409936,0.000323116,0.000278164,0.000238998,0.000218777,0.000241002,0.000241116,0.000203604,0.000190704,0.000232507,0.000183469,0.000161105,0.000172325,0.000247862,0.000130163,0.000141518,0.00013267,8.32E-05,0.000120062,7.49E-05,6.57E-05,9.49E-05,9.92E-05,0.00011968,NaN,0.000155226,8.46E-05,0.000134691,NaN,NaN,6.19E-05,NaN,NaN,NaN,NaN,NaN,NaN,NaN,NaN,NaN,NaN,NaN,NaN,NaN,NaN,NaN,NaN,NaN,NaN,NaN,NaN,NaN,NaN,NaN,NaN,NaN,NaN,NaN,NaN,NaN,NaN,NaN,NaN
HOCRSt09bp1,2022,3,28,3:36:34,0.011091767,0.011373996,0.011742774,0.011813703,0.011912046,0.012172496,0.012377449,0.012492068,0.012603815,0.012654641,0.012826984,0.012762817,0.012723074,0.012729137,0.01240067,0.012285169,0.012157689,0.011937159,0.011673584,0.011460078,0.011224115,0.010950985,0.010718835,0.010370156,0.010039088,0.009674886,0.009328843,0.008996148,0.008595537,0.008213127,0.007861345,0.007605667,0.007469925,0.007455599,0.007400836,0.007324547,0.00719279,0.006996103,0.006803824,0.006628795,0.006398342,0.006119809,0.005795249,0.005472067,0.005083892,0.004643817,0.004210795,0.003757156,0.003311513,0.002940014,0.002688953,0.002557596,0.002478717,0.00239483,0.002286789,0.002215112,0.002097713,0.001997043,0.001893977,0.001775329,0.001647107,0.001555657,0.001473911,0.001392651,0.001336732,0.001258616,0.00117987,0.0010959,0.000990443,0.000881425,0.0007754,0.000682993,0.000570003,0.000539638,0.000437257,0.000364213,0.000285351,0.000280108,0.00023924,0.000222218,0.000231802,0.000202359,0.000184875,0.000265956,0.000175006,0.000138457,0.000223512,0.000149889,0.000384269,0.000179015,0.000168197,NaN,0.00026772,0.000144874,0.00010008,0.000141285,8.13E-05,6.58E-05,8.09E-05,0.000110974,8.76E-05,8.72E-05,9.84E-05,8.01E-05,4.83E-05,5.94E-05,3.84E-05,NaN,NaN,NaN,NaN,NaN,NaN,NaN,NaN,NaN,NaN,NaN,NaN,NaN,NaN,NaN,NaN,NaN,NaN,NaN,NaN,NaN,NaN,NaN,NaN,NaN,NaN,NaN,NaN,NaN,NaN
HOCRSt09bp2,2022,3,28,3:48:52,0.010392641,0.010685898,0.011033227,0.011148641,0.011219146,0.011417337,0.011550431,0.011722753,0.011755051,0.011786694,0.011889094,0.011762582,0.011840769,0.011779598,0.011484752,0.011317035,0.011234481,0.010996737,0.010745298,0.010562406,0.010325591,0.010057998,0.009843756,0.009510899,0.009174898,0.008869123,0.008559721,0.008209966,0.00786913,0.007510517,0.007184356,0.006954764,0.006806837,0.006776093,0.006745173,0.006694766,0.006561514,0.006400239,0.006198392,0.006048862,0.005826623,0.005583771,0.005284721,0.005005582,0.004620728,0.004215361,0.003825316,0.003410507,0.002995671,0.002653957,0.002411133,0.002302253,0.002226044,0.00215331,0.002064658,0.001980363,0.001871319,0.001792282,0.001677648,0.001550428,0.001455523,0.001364566,0.001319407,0.001244283,0.001188178,0.001117379,0.00104495,0.00098024,0.000848254,0.00076147,0.000658281,0.000585731,0.000492307,0.000424702,0.000368358,0.00031672,0.000243657,0.000225711,0.000231998,0.0001977,NaN,0.000195375,0.000202603,0.00018028,NaN,0.000172404,NaN,NaN,NaN,NaN,NaN,NaN,NaN,NaN,NaN,NaN,NaN,NaN,NaN,NaN,NaN,NaN,NaN,NaN,NaN,NaN,NaN,NaN,NaN,NaN,NaN,NaN,NaN,NaN,NaN,NaN,NaN,NaN,NaN,NaN,NaN,NaN,NaN,NaN,NaN,NaN,NaN,NaN,NaN,NaN,NaN,NaN,NaN,NaN,NaN,NaN,NaN
HOCRSt09p1,2022,3,28,0:27:34,0.010308843,0.010709887,0.011041295,0.011157957,0.011373756,0.011580184,0.011834667,0.011952302,0.012020599,0.012174194,0.012226215,0.012227529,0.012210354,0.012123524,0.011846001,0.011664633,0.011522584,0.011325789,0.011076381,0.010885558,0.010707458,0.010468466,0.010248352,0.009921304,0.009615484,0.009295901,0.008995691,0.008668366,0.008321155,0.007977844,0.007653574,0.007439202,0.007323022,0.007317518,0.007298051,0.007239009,0.007117915,0.006961828,0.006772186,0.006612512,0.006382567,0.00611386,0.005807689,0.005491821,0.005097143,0.004646893,0.004210547,0.003763365,0.00329425,0.002898831,0.002641119,0.002520086,0.002442162,0.002360024,0.002269136,0.00217016,0.00206139,0.001958299,0.001836463,0.001712973,0.001592209,0.001483674,0.001411015,0.001344218,0.001277861,0.001196908,0.001114349,0.001009193,0.000897039,0.000787506,0.000683795,0.000582183,0.000493109,0.000409163,0.000332479,0.000273141,0.000228794,0.000193056,0.000183199,0.000175806,0.000165515,0.000159588,0.000153623,0.000146486,0.000139086,0.000148122,0.000124528,0.000110015,0.000121933,0.000116947,0.000122909,9.43E-05,9.16E-05,8.25E-05,6.75E-05,7.17E-05,6.74E-05,6.85E-05,7.82E-05,7.43E-05,7.41E-05,5.23E-05,NaN,NaN,NaN,NaN,NaN,NaN,NaN,NaN,NaN,NaN,NaN,NaN,NaN,NaN,NaN,NaN,NaN,NaN,NaN,NaN,NaN,NaN,NaN,NaN,NaN,NaN,NaN,NaN,NaN,NaN,NaN,NaN,NaN,NaN,NaN
HOCRSt09p2,2022,3,28,0:41:19,0.010117408,0.010489152,0.010792352,0.010879643,0.011018103,0.011220632,0.011374933,0.011450146,0.011538376,0.011567911,0.011538096,0.011493914,0.011510221,0.011369674,0.011091935,0.010925703,0.010770495,0.010544878,0.010287103,0.01005189,0.009816762,0.009546777,0.009312526,0.009007615,0.008675224,0.008354275,0.008054004,0.007735451,0.007373775,0.007040942,0.006733887,0.006517556,0.00640311,0.006382818,0.006363184,0.006315822,0.006199564,0.006044893,0.005879507,0.005712955,0.005502046,0.00527533,0.004994363,0.004727366,0.004375497,0.004002267,0.00362002,0.003229488,0.002840889,0.002507854,0.00228293,0.002173213,0.00211228,0.002029896,0.00194456,0.001859788,0.001758931,0.0016654,0.001562858,0.001455928,0.001357516,0.001275015,0.001217954,0.001155976,0.001097314,0.001034336,0.000972816,0.000884062,0.000801098,0.000699141,0.000618897,0.000532548,0.000451544,0.000385012,0.000319475,0.000264709,0.000220343,0.000189912,0.000185066,0.000170895,0.000170465,0.000188411,0.000141654,0.000142646,0.00016418,0.00014044,0.000136246,0.000114827,0.000123967,0.000138546,0.000135617,0.000126824,0.00010434,0.000117295,8.94E-05,8.38E-05,NaN,6.39E-05,8.23E-05,NaN,7.73E-05,7.10E-05,NaN,NaN,NaN,NaN,5.42E-05,NaN,NaN,NaN,NaN,NaN,NaN,NaN,NaN,NaN,NaN,NaN,NaN,NaN,NaN,NaN,NaN,NaN,NaN,NaN,NaN,NaN,NaN,NaN,NaN,NaN,NaN,NaN,NaN,NaN,NaN
HOCRSt10p1,2022,3,27,20:53:09,0.010419404,0.010712897,0.011021661,0.011007114,0.011097663,0.011238152,0.011393825,0.011501825,0.011498868,0.011569068,0.011571888,0.01149231,0.011497506,0.011348136,0.011055234,0.010837393,0.010719073,0.010492835,0.010239823,0.010041761,0.009860006,0.009617564,0.009410035,0.009113498,0.008806605,0.008508843,0.008223532,0.007916365,0.007576735,0.007251485,0.006943747,0.006734506,0.006615929,0.006608147,0.006576063,0.006516693,0.006405529,0.006248589,0.0060698,0.005909917,0.005703511,0.005469632,0.005187232,0.004899776,0.004537964,0.004148511,0.003744669,0.003345436,0.002938075,0.002595935,0.002363448,0.002251319,0.00217421,0.002089889,0.002003546,0.001918454,0.001818965,0.001724446,0.001622264,0.001522433,0.001409209,0.001332187,0.001256098,0.001189595,0.001131641,0.001066237,0.000993367,0.000910842,0.000842326,0.000739159,0.000639648,0.000562875,0.000488905,0.000418887,0.000353146,0.000309017,0.000258158,0.000234778,0.000206302,0.000221626,0.000193676,0.000213781,0.000177701,0.000177088,0.00017855,0.00014284,0.00016029,0.000140028,0.000124699,0.00015391,0.000108165,0.000113199,8.66E-05,7.59E-05,0.000151074,8.66E-05,0.000128913,8.34E-05,9.70E-05,9.01E-05,6.67E-05,6.82E-05,7.85E-05,6.27E-05,NaN,4.11E-05,4.07E-05,NaN,NaN,NaN,NaN,NaN,NaN,NaN,NaN,NaN,NaN,NaN,NaN,NaN,NaN,NaN,NaN,NaN,NaN,NaN,NaN,NaN,NaN,NaN,NaN,NaN,NaN,NaN,NaN,NaN,NaN
HOCRSt10p2,2022,3,27,21:09:52,0.010647466,0.01099388,0.011173195,0.011234493,0.01131342,0.011494915,0.011688869,0.011655485,0.011839544,0.011870073,0.011867608,0.011794621,0.011759497,0.011665993,0.011380042,0.011211083,0.011027299,0.010862394,0.010619784,0.010415886,0.010202796,0.009975086,0.009764378,0.009458919,0.009171491,0.008840338,0.00857066,0.008257218,0.007894993,0.007589979,0.007256687,0.007051319,0.006927927,0.006925394,0.006898359,0.00684815,0.00675352,0.006590926,0.006402892,0.006259721,0.006029933,0.005793088,0.005511938,0.005209062,0.004809341,0.004423325,0.00397496,0.003561691,0.003098035,0.002767533,0.002526378,0.002391402,0.002312437,0.002230329,0.002133709,0.002046581,0.001942598,0.001854894,0.001738065,0.001611936,0.001515059,0.001411915,0.001348611,0.001298007,0.001234015,0.001175235,0.001098076,0.001015843,0.000924351,0.000794361,0.00074095,0.000641477,0.00058607,NaN,NaN,NaN,NaN,NaN,NaN,NaN,NaN,NaN,NaN,NaN,NaN,NaN,NaN,NaN,NaN,NaN,NaN,NaN,NaN,NaN,NaN,NaN,NaN,NaN,NaN,NaN,NaN,NaN,NaN,NaN,NaN,NaN,NaN,NaN,NaN,NaN,NaN,NaN,NaN,NaN,NaN,NaN,NaN,NaN,NaN,NaN,NaN,NaN,NaN,NaN,NaN,NaN,NaN,NaN,NaN,NaN,NaN,NaN,NaN,NaN,NaN,NaN,NaN
HOCRSt11p1,2022,3,27,1:42:33,0.00926665,0.009549591,0.009901641,0.009895798,0.009958843,0.010217899,0.010380569,0.010456675,0.01059324,0.010684401,0.010812166,0.010609558,0.010692236,0.010638716,0.010334924,0.01026183,0.010178352,0.010041693,0.009820057,0.009666213,0.009538406,0.009349734,0.009168506,0.008923656,0.008655673,0.00837483,0.008126016,0.007844234,0.00754454,0.007254319,0.006973186,0.00678519,0.006673672,0.006661461,0.006632784,0.006578195,0.006487206,0.006301438,0.006162526,0.006019564,0.005809686,0.005623882,0.005331457,0.00504945,0.004703299,0.004328641,0.003931866,0.003541994,0.003134501,0.00277339,0.002553196,0.002426768,0.002357723,0.002277866,0.002198229,0.002093581,0.001986867,0.001892217,0.001775352,0.001657909,0.001553521,0.001467956,0.001391247,0.001312771,0.001292797,0.001202465,0.001101814,0.001013262,0.000924438,0.000817601,0.000699516,0.000595065,0.000514445,0.000449741,0.00036606,0.000251603,0.000199161,0.000231803,0.000148092,0.000209014,0.000169444,0.000150606,0.000157043,0.000133864,0.00018725,8.22E-05,7.30E-05,8.30E-05,9.86E-05,7.22E-05,NaN,4.69E-05,NaN,0.000220855,0.000108705,3.52E-05,NaN,0.00015426,4.03E-05,8.34E-05,0.000387704,0.000102271,NaN,0.000110502,NaN,NaN,NaN,NaN,NaN,NaN,NaN,NaN,NaN,NaN,NaN,NaN,NaN,NaN,NaN,NaN,NaN,NaN,NaN,NaN,NaN,NaN,NaN,NaN,NaN,NaN,NaN,NaN,NaN,NaN,NaN,NaN,NaN
HOCRSt11p2,2022,3,27,1:52:04,0.00906424,0.009299241,0.009505683,0.009603394,0.009724177,0.009873441,0.010013392,0.010114525,0.010233458,0.010295232,0.010385259,0.010337919,0.010336864,0.010280616,0.009981309,0.009910139,0.009809456,0.009603762,0.009421862,0.009267372,0.009118486,0.008951252,0.008792048,0.008542096,0.008290709,0.008044943,0.007783981,0.007506252,0.007212933,0.006938448,0.006658093,0.006478674,0.006369459,0.006365803,0.006354557,0.006299522,0.006199105,0.006078256,0.005916823,0.005774193,0.005583075,0.005374854,0.005107986,0.004855254,0.004507251,0.004132875,0.003762978,0.00337034,0.002955559,0.002626851,0.002408144,0.002289904,0.00224033,0.002148774,0.002055052,0.001987587,0.00188653,0.001779369,0.001684663,0.001574617,0.001466919,0.001391481,0.001305596,0.00123427,0.001194849,0.001124349,0.001040294,0.000978451,0.000872853,0.00077542,0.000697984,0.000600124,0.000508999,0.000452151,0.000383181,0.000280158,0.000231416,0.00023892,0.000198977,0.000203212,0.000231635,0.000174134,0.00022357,0.000196397,0.000148932,0.00020073,0.000184427,0.00018422,0.00016857,0.000191292,0.000111922,0.000174727,0.000150203,3.97E-05,8.71E-05,0.000103528,4.38E-05,9.84E-05,NaN,6.68E-05,NaN,0.000111461,NaN,NaN,NaN,NaN,NaN,NaN,NaN,NaN,NaN,NaN,NaN,NaN,NaN,NaN,NaN,NaN,NaN,NaN,NaN,NaN,NaN,NaN,NaN,NaN,NaN,NaN,NaN,NaN,NaN,NaN,NaN,NaN,NaN,NaN,NaN
HOCRSt11p3,2022,3,27,2:03:09,0.008549359,0.008841894,0.009012731,0.009128219,0.00926433,0.009393599,0.009469982,0.009611773,0.00972807,0.009725288,0.009731064,0.009750943,0.009730533,0.009640782,0.009446558,0.00929181,0.009173875,0.009067771,0.008839017,0.008700511,0.008585619,0.00837617,0.00822798,0.0080091,0.007763805,0.007500579,0.007266783,0.007023482,0.006731867,0.006484615,0.006238576,0.006064511,0.00595898,0.005945231,0.005938944,0.005873412,0.005749626,0.005650985,0.005481492,0.005350898,0.005185585,0.004980513,0.004733917,0.004492455,0.004184411,0.003848288,0.003491352,0.003142202,0.002762753,0.002456907,0.002234161,0.002136959,0.002071602,0.002000728,0.001918164,0.00183542,0.001749721,0.001653179,0.001570036,0.001458079,0.001348106,0.001284349,0.00121914,0.001159247,0.00111848,0.001062746,0.000987389,0.000917807,0.000816018,0.000719977,0.000635008,0.000545774,0.000488281,0.000419457,0.000344249,0.000303387,0.000255017,0.000214019,0.000199464,0.000189289,0.000178964,0.000220932,0.000193226,0.000157109,0.000142045,0.000198938,0.00015799,0.000124008,0.000172584,0.000126003,0.00017299,8.05E-05,7.88E-05,4.88E-05,0.000151015,6.58E-05,NaN,0.000121003,8.03E-05,0.000122201,5.13E-05,9.17E-05,NaN,4.20E-05,NaN,NaN,NaN,NaN,NaN,NaN,NaN,NaN,NaN,NaN,NaN,NaN,NaN,NaN,NaN,NaN,NaN,NaN,NaN,NaN,NaN,NaN,NaN,NaN,NaN,NaN,NaN,NaN,NaN,NaN,NaN,NaN,NaN
HOCRSt18p1,2022,3,30,22:59:12,0.005409057,0.005484796,0.005852499,0.006083696,0.005940881,0.006076354,0.006441434,0.006536185,0.006463387,0.006542059,0.006626014,0.006675185,0.006712199,0.006681891,0.006478804,0.006544895,0.006428453,0.006325375,0.006235998,0.006151206,0.006019155,0.005915942,0.005825488,0.005739724,0.005572876,0.005426549,0.005327126,0.005192685,0.005039519,0.004951132,0.00486865,0.004825944,0.004814786,0.004847862,0.004894938,0.0048987,0.004865075,0.004788231,0.004757972,0.004708221,0.004579847,0.004501944,0.004289768,0.004125889,0.003950072,0.00368216,0.003434754,0.003142313,0.002825806,0.002553462,0.002366382,0.002294666,0.002229993,0.00218342,0.002110752,0.002037455,0.001951495,0.001837274,0.001783387,0.001628578,0.001563176,0.001466106,0.001443288,0.001323137,0.001344987,0.001274368,0.001175096,0.001146658,0.000976125,0.00087865,0.00077309,0.000628631,0.000513496,0.000420378,0.0002431,NaN,NaN,NaN,NaN,NaN,NaN,NaN,NaN,NaN,NaN,NaN,NaN,NaN,NaN,NaN,NaN,NaN,NaN,NaN,NaN,NaN,NaN,NaN,NaN,NaN,NaN,NaN,NaN,NaN,NaN,NaN,NaN,NaN,NaN,NaN,NaN,NaN,NaN,NaN,NaN,NaN,NaN,NaN,NaN,NaN,NaN,NaN,NaN,NaN,NaN,NaN,NaN,NaN,NaN,NaN,NaN,NaN,NaN,NaN,NaN,NaN,NaN
HOCRSt18p2,2022,3,30,23:12:33,0.006176186,0.006264185,0.006388272,0.006435961,0.00644528,0.006532633,0.006606888,0.006691288,0.006707458,0.006788622,0.006805359,0.006756895,0.006743972,0.006676922,0.00652199,0.006461226,0.006389313,0.006303565,0.006173934,0.006065857,0.005984654,0.005884451,0.005805482,0.005687021,0.005549914,0.005409631,0.005289464,0.005170895,0.005043404,0.004946583,0.004859364,0.004819983,0.004800058,0.004846132,0.004875418,0.004870345,0.0048352,0.004783313,0.004711077,0.004652844,0.004556269,0.004431667,0.004281569,0.004143164,0.003940039,0.003708064,0.003472553,0.003193521,0.002889971,0.002612727,0.002426577,0.002342613,0.002290243,0.002232098,0.002154443,0.00208062,0.001994411,0.00190927,0.001802562,0.001707448,0.001608989,0.00151403,0.001462742,0.001410196,0.001345334,0.001284382,0.001210406,0.001119979,0.00101977,0.000919863,0.000815894,0.000706924,0.000613973,0.000512205,0.000437718,0.000359716,0.000301061,0.00027639,0.000260377,0.000266688,0.000251149,0.000233328,0.000231116,0.000237756,0.000206317,0.000231673,0.000212052,0.0002126,0.000205437,0.000204928,0.000212328,0.000183141,0.000187748,0.000170348,0.000142331,0.000164067,0.00015709,0.000158397,0.000185411,0.000164909,0.000163459,0.000146197,0.000126963,0.000113349,0.000100986,7.80E-05,NaN,NaN,NaN,NaN,NaN,NaN,NaN,NaN,NaN,NaN,NaN,NaN,NaN,NaN,NaN,NaN,NaN,NaN,NaN,NaN,NaN,NaN,NaN,NaN,NaN,NaN,NaN,NaN,NaN,NaN,NaN
HOCRSt19p1,2022,3,30,21:32:07,0.003532014,0.003600486,0.003656369,0.003657436,0.003889517,0.003853192,0.004025172,0.004161068,0.004316693,0.004322481,0.004352042,0.004550813,0.004592627,0.004655877,0.004609773,0.004668793,0.004718956,0.004688503,0.004714261,0.004710811,0.004738505,0.004718865,0.004752569,0.004717311,0.004673207,0.004664728,0.004629259,0.004599588,0.00455978,0.004547855,0.004551016,0.004547894,0.004586826,0.004635822,0.004658477,0.004683682,0.004678301,0.004644647,0.00461186,0.004608376,0.004535532,0.004447806,0.004355509,0.00424503,0.004138448,0.003957031,0.003743318,0.003510983,0.003253951,0.003013945,0.002826185,0.002777165,0.002750581,0.002676878,0.002619741,0.002542255,0.002483731,0.002391595,0.002300608,0.002205989,0.002124719,0.002018948,0.001979774,0.00192552,0.001875312,0.001792731,0.00171303,0.001591299,0.001484613,0.00132854,0.001209346,0.001041067,0.000925287,0.000810679,0.000655683,0.000619093,0.000502588,0.000448147,0.000448303,0.000403321,0.000386241,0.000467201,0.000464504,0.000373327,0.000465759,0.000421444,0.000352746,0.000444319,0.000331594,0.000397828,0.000325742,0.000532892,0.000248685,0.000332484,0.000135614,0.000119355,0.000316675,0.000227959,0.000190331,0.000257822,0.000178995,0.00023837,0.000213658,0.000122861,7.77E-05,8.32E-05,4.57E-05,NaN,NaN,NaN,NaN,NaN,NaN,NaN,NaN,NaN,NaN,NaN,NaN,NaN,NaN,NaN,NaN,NaN,NaN,NaN,NaN,NaN,NaN,NaN,NaN,NaN,NaN,NaN,NaN,NaN,NaN
HOCRSt19p2,2022,3,30,21:28:00,0.004850127,0.004891627,0.004721183,0.005016418,0.004927993,0.004801495,0.005016624,0.005119667,0.00512526,0.005277946,0.005456611,0.005409156,0.005380898,0.005512113,0.005302393,0.00530006,0.005392321,0.005320141,0.005247376,0.005200527,0.005150473,0.005152546,0.005102638,0.005064651,0.00499463,0.004906509,0.004848327,0.004777937,0.004678306,0.004641179,0.004584662,0.004559202,0.004550195,0.004591904,0.004610837,0.004594754,0.004592144,0.004566823,0.004481783,0.004486989,0.004374636,0.004244366,0.004130345,0.004031518,0.003854323,0.003658775,0.003445243,0.003187532,0.002892037,0.002632388,0.002487473,0.002400894,0.002357996,0.002341216,0.002251972,0.002188877,0.002090676,0.002030178,0.001925213,0.001832786,0.001760343,0.001649394,0.001591633,0.001525324,0.001466168,0.001395351,0.001329311,0.001264103,0.001123481,0.001002253,0.000854136,0.000713373,0.000619063,0.000466382,0.000432891,0.000270867,0.000267269,0.000120931,0.000130729,9.39E-05,0.000172739,0.000159861,0.00018214,0.000214436,0.000207818,4.29E-05,5.57E-05,0.000309516,0.000104933,0.000115234,0.000235258,2.76E-05,4.43E-05,0.00017654,0.000245383,0.000196936,0.000170491,0.000135421,0.000361237,NaN,0.000245748,0.000643185,NaN,NaN,NaN,NaN,NaN,NaN,NaN,NaN,NaN,NaN,NaN,NaN,NaN,NaN,NaN,NaN,NaN,NaN,NaN,NaN,NaN,NaN,NaN,NaN,NaN,NaN,NaN,NaN,NaN,NaN,NaN,NaN,NaN,NaN,NaN